job_id,target,length_aa,model,mode,status,elapsed_seconds,image,gpu_id,num_recycles,diffusion_samples,seeds,xla_mem_fraction,environment_profile,gpu_mem_peak_mib,outputs,error,manifest,name
20260930-220204-54e8b7f6,CHRNA7,502,boltz2,big,completed,80.0,mn-cofolding-af3-memory-v2:3.1.14-cu13,0,10,5,1,0.95,command buffers disabled,,22,,v2-command-buffer-disabled-full-defaults.json,CHRNA7 502 aa · boltz2 · v2 big · command buffers disabled · 10 recycles · 5 samples
20260930-220204-d83b4f6e,NUP155,1391,chai1,big,failed,74.0,mn-cofolding-af3-memory-v2:3.1.14-cu13,0,10,5,1,0.95,command buffers disabled,,2,CUDA_ERROR_OUT_OF_MEMORY: out of memory,v2-command-buffer-disabled-full-defaults.json,NUP155 1391 aa · chai1 · v2 big · command buffers disabled · 10 recycles · 5 samples
20260930-220204-eda4fc2f,SLC26A8,970,esmfold2,big,failed,112.0,mn-cofolding-af3-memory-v2:3.1.14-cu13,0,10,5,1,0.95,command buffers disabled,,2,CUDA_ERROR_OUT_OF_MEMORY: out of memory,v2-command-buffer-disabled-full-defaults.json,SLC26A8 970 aa · esmfold2 · v2 big · command buffers disabled · 10 recycles · 5 samples
20260930-220204-39433c59,CHRNA7,502,opendde,big,failed,64.0,mn-cofolding-af3-memory-v2:3.1.14-cu13,0,10,5,1,0.95,command buffers disabled,,2,RESOURCE_EXHAUSTED: Out of memory while trying to allocate 22.09GiB with allocator GPU_0_bfc on device 0. [tf-allocator-allocation-error=''] [executable_name='jit_apply_fn'],v2-command-buffer-disabled-full-defaults.json,CHRNA7 502 aa · opendde · v2 big · command buffers disabled · 10 recycles · 5 samples
20260930-220204-998d854e,CHRNA7,502,rosettafold3,big,failed,53.0,mn-cofolding-af3-memory-v2:3.1.14-cu13,0,10,5,1,0.95,command buffers disabled,,2,CUDA_ERROR_OUT_OF_MEMORY: out of memory,v2-command-buffer-disabled-full-defaults.json,CHRNA7 502 aa · rosettafold3 · v2 big · command buffers disabled · 10 recycles · 5 samples
20260930-225144-86193332,EP300,2414,alphafold3,big,completed,632.0,mn-cofolding-af3-memory-v2:3.1.14-cu13,0,10,5,1,0.90,fraction 0.90,,22,,v2-fraction-90-prior-rung-full-defaults.json,EP300 2414 aa · alphafold3 · v2 big · 90% XLA prior max-pass validation · 10 recycles · 5 samples
20260930-233727-007ec5b5,CEP350,3117,alphafold3,big,failed,33.0,mn-cofolding-af3-memory-v2:3.1.14-cu13,0,10,5,1,0.90,fraction 0.90,,2,Error: RESOURCE_EXHAUSTED: Out of memory while trying to allocate 23.70GiB with allocator GPU_0_bfc on device 0. [executable_name='jit_apply_fn'] [tf-allocator-allocation-error=''],v2-af3-long-extension.json,AF3 original weights · CEP350 3117 aa · v2 big · 90% XLA · 10 recycles · 5 samples
20260930-220854-96610ec3,CHRNA7,502,boltz2,big,completed,49.0,mn-cofolding-af3-memory-v2:3.1.14-cu13,0,10,5,1,0.90,fraction 0.90,,22,,v2-fraction-90-full-defaults.json,CHRNA7 502 aa · boltz2 · v2 big · 90% XLA fraction · 10 recycles · 5 samples
20260930-222205-759d8d3a,SLC26A8,970,boltz2,big,failed,152.0,mn-cofolding-af3-memory-v2:3.1.14-cu13,0,10,5,1,0.90,fraction 0.90,,2,CUDA_ERROR_OUT_OF_MEMORY: out of memory,v2-fraction-90-next-rung-full-defaults.json,SLC26A8 970 aa · boltz2 · v2 big · 90% XLA next-rung check · 10 recycles · 5 samples
20260930-220854-d8cb7a00,NUP155,1391,chai1,big,completed,486.0,mn-cofolding-af3-memory-v2:3.1.14-cu13,0,10,5,1,0.90,fraction 0.90,,22,,v2-fraction-90-full-defaults.json,NUP155 1391 aa · chai1 · v2 big · 90% XLA fraction · 10 recycles · 5 samples
20260930-222205-29d1dd0a,LCT,1927,chai1,big,failed,37.0,mn-cofolding-af3-memory-v2:3.1.14-cu13,0,10,5,1,0.90,fraction 0.90,,2,RESOURCE_EXHAUSTED: Out of memory while trying to allocate 30.08GiB with allocator GPU_0_bfc on device 0. [tf-allocator-allocation-error=''] [executable_name='jit_apply_fn'],v2-fraction-90-next-rung-full-defaults.json,LCT 1927 aa · chai1 · v2 big · 90% XLA next-rung check · 10 recycles · 5 samples
20260930-220854-4ca519a5,SLC26A8,970,esmfold2,big,completed,87.0,mn-cofolding-af3-memory-v2:3.1.14-cu13,0,10,5,1,0.90,fraction 0.90,,22,,v2-fraction-90-full-defaults.json,SLC26A8 970 aa · esmfold2 · v2 big · 90% XLA fraction · 10 recycles · 5 samples
20260930-222205-9c2ef7a5,NUP155,1391,esmfold2,big,failed,67.0,mn-cofolding-af3-memory-v2:3.1.14-cu13,0,10,5,1,0.90,fraction 0.90,,2,RESOURCE_EXHAUSTED: Out of memory while trying to allocate 15.26GiB with allocator GPU_0_bfc on device 0. [tf-allocator-allocation-error=''] [executable_name='jit_apply_fn'],v2-fraction-90-next-rung-full-defaults.json,NUP155 1391 aa · esmfold2 · v2 big · 90% XLA next-rung check · 10 recycles · 5 samples
20260930-225144-b4025d20,NUP155,1391,esmfold2_lm300m,big,completed,72.0,mn-cofolding-af3-memory-v2:3.1.14-cu13,0,10,5,1,0.90,fraction 0.90,,22,,v2-fraction-90-prior-rung-full-defaults.json,NUP155 1391 aa · esmfold2_lm300m · v2 big · 90% XLA prior max-pass validation · 10 recycles · 5 samples
20260930-222205-d16fb718,LCT,1927,esmfold2_lm300m,big,failed,31.0,mn-cofolding-af3-memory-v2:3.1.14-cu13,0,10,5,1,0.90,fraction 0.90,,2,RESOURCE_EXHAUSTED: Out of memory while trying to allocate 27.06GiB with allocator GPU_0_bfc on device 0. [tf-allocator-allocation-error=''] [executable_name='jit_apply_fn'],v2-fraction-90-next-rung-full-defaults.json,LCT 1927 aa · esmfold2_lm300m · v2 big · 90% XLA next-rung check · 10 recycles · 5 samples
20260930-225144-a9e9a09a,NUP155,1391,esmfold2_lm600m,big,completed,72.0,mn-cofolding-af3-memory-v2:3.1.14-cu13,0,10,5,1,0.90,fraction 0.90,,22,,v2-fraction-90-prior-rung-full-defaults.json,NUP155 1391 aa · esmfold2_lm600m · v2 big · 90% XLA prior max-pass validation · 10 recycles · 5 samples
20260930-222205-67a41850,LCT,1927,esmfold2_lm600m,big,failed,32.0,mn-cofolding-af3-memory-v2:3.1.14-cu13,0,10,5,1,0.90,fraction 0.90,,2,RESOURCE_EXHAUSTED: Out of memory while trying to allocate 27.06GiB with allocator GPU_0_bfc on device 0. [executable_name='jit_apply_fn'] [tf-allocator-allocation-error=''],v2-fraction-90-next-rung-full-defaults.json,LCT 1927 aa · esmfold2_lm600m · v2 big · 90% XLA next-rung check · 10 recycles · 5 samples
20260930-225144-51a7d802,SLC26A8,970,intellifold2,big,completed,454.0,mn-cofolding-af3-memory-v2:3.1.14-cu13,0,10,5,1,0.90,fraction 0.90,,22,,v2-fraction-90-prior-rung-full-defaults.json,SLC26A8 970 aa · intellifold2 · v2 big · 90% XLA prior max-pass validation · 10 recycles · 5 samples
20260930-222205-3d5d0a7c,NUP155,1391,intellifold2,big,failed,56.0,mn-cofolding-af3-memory-v2:3.1.14-cu13,0,10,5,1,0.90,fraction 0.90,,2,RESOURCE_EXHAUSTED: Out of memory while trying to allocate 15.14GiB with allocator GPU_0_bfc on device 0. [tf-allocator-allocation-error=''],v2-fraction-90-next-rung-full-defaults.json,NUP155 1391 aa · intellifold2 · v2 big · 90% XLA next-rung check · 10 recycles · 5 samples
20260930-225144-d0bfa781,LCT,1927,openbind0,big,completed,378.0,mn-cofolding-af3-memory-v2:3.1.14-cu13,0,10,5,1,0.90,fraction 0.90,,22,,v2-fraction-90-prior-rung-full-defaults.json,LCT 1927 aa · openbind0 · v2 big · 90% XLA prior max-pass validation · 10 recycles · 5 samples
20260930-222205-a205ca6b,EP300,2414,openbind0,big,failed,33.0,mn-cofolding-af3-memory-v2:3.1.14-cu13,0,10,5,1,0.90,fraction 0.90,,2,RESOURCE_EXHAUSTED: Out of memory while trying to allocate 22.57GiB with allocator GPU_0_bfc on device 0. [executable_name='jit_apply_fn'] [tf-allocator-allocation-error=''],v2-fraction-90-next-rung-full-defaults.json,EP300 2414 aa · openbind0 · v2 big · 90% XLA next-rung check · 10 recycles · 5 samples
20260930-220854-60f551b2,CHRNA7,502,opendde,big,failed,31.0,mn-cofolding-af3-memory-v2:3.1.14-cu13,0,10,5,1,0.90,fraction 0.90,,2,RESOURCE_EXHAUSTED: Out of memory while trying to allocate 22.09GiB with allocator GPU_0_bfc on device 0. [executable_name='jit_apply_fn'] [tf-allocator-allocation-error=''],v2-fraction-90-full-defaults.json,CHRNA7 502 aa · opendde · v2 big · 90% XLA fraction · 10 recycles · 5 samples
20260930-225144-a995f1fc,LCT,1927,openfold3,big,completed,397.0,mn-cofolding-af3-memory-v2:3.1.14-cu13,0,10,5,1,0.90,fraction 0.90,,22,,v2-fraction-90-prior-rung-full-defaults.json,LCT 1927 aa · openfold3 · v2 big · 90% XLA prior max-pass validation · 10 recycles · 5 samples
20260930-222205-4e1e7928,EP300,2414,openfold3,big,failed,33.0,mn-cofolding-af3-memory-v2:3.1.14-cu13,0,10,5,1,0.90,fraction 0.90,,2,RESOURCE_EXHAUSTED: Out of memory while trying to allocate 22.57GiB with allocator GPU_0_bfc on device 0. [tf-allocator-allocation-error=''] [executable_name='jit_apply_fn'],v2-fraction-90-next-rung-full-defaults.json,EP300 2414 aa · openfold3 · v2 big · 90% XLA next-rung check · 10 recycles · 5 samples
20260930-232712-ecb722f9,SLC26A8,970,protenix2,big,completed,340.0,mn-cofolding-af3-memory-v2:3.1.14-cu13,0,10,5,1,0.90,fraction 0.90,,22,,v2-fraction-90-protenix-970.json,SLC26A8 970 aa · protenix2 · v2 big · 90% XLA prior max-pass validation · 10 recycles · 5 samples
20260930-225144-3b981798,NUP155,1391,protenix2,big,failed,27.0,mn-cofolding-af3-memory-v2:3.1.14-cu13,0,10,5,1,0.90,fraction 0.90,,2,Error: RESOURCE_EXHAUSTED: Out of memory while trying to allocate 19.90GiB with allocator GPU_0_bfc on device 0. [tf-allocator-allocation-error=''] [executable_name='jit_apply_fn'],v2-fraction-90-prior-rung-full-defaults.json,NUP155 1391 aa · protenix2 · v2 big · 90% XLA prior max-pass validation · 10 recycles · 5 samples
20260930-222205-743f109f,LCT,1927,protenix2,big,failed,32.0,mn-cofolding-af3-memory-v2:3.1.14-cu13,0,10,5,1,0.90,fraction 0.90,,2,RESOURCE_EXHAUSTED: Out of memory while trying to allocate 30.17GiB with allocator GPU_0_bfc on device 0. [tf-allocator-allocation-error=''] [executable_name='jit_apply_fn'],v2-fraction-90-next-rung-full-defaults.json,LCT 1927 aa · protenix2 · v2 big · 90% XLA next-rung check · 10 recycles · 5 samples
20260930-220854-62265949,CHRNA7,502,rosettafold3,big,completed,53.0,mn-cofolding-af3-memory-v2:3.1.14-cu13,0,10,5,1,0.90,fraction 0.90,,22,,v2-fraction-90-full-defaults.json,CHRNA7 502 aa · rosettafold3 · v2 big · 90% XLA fraction · 10 recycles · 5 samples
20260930-222205-7268fd3d,SLC26A8,970,rosettafold3,big,failed,68.0,mn-cofolding-af3-memory-v2:3.1.14-cu13,0,10,5,1,0.90,fraction 0.90,,2,CUDA_ERROR_OUT_OF_MEMORY: out of memory,v2-fraction-90-next-rung-full-defaults.json,SLC26A8 970 aa · rosettafold3 · v2 big · 90% XLA next-rung check · 10 recycles · 5 samples
20260930-181653-6924ffc6,EP300,2414,alphafold3,big,completed,686.7,mn-cofolding-af3-memory-v2:3.1.14-cu13,0,10,5,1,0.95,fraction 0.95,23347,21,,official-af3-ep300-big.json,AF3 benchmark · EP300 (2414 aa) · big · 10r-5s · memory-v2
20260930-210217-4801fa4c,CEP350,3117,alphafold3,big,failed,79.0,mn-cofolding-af3-memory-v2:3.1.14-cu13,0,10,5,1,0.95,fraction 0.95,,2,RESOURCE_EXHAUSTED: Out of memory while trying to allocate 23.70GiB with allocator GPU_0_bfc on device 0. [executable_name='jit_apply_fn'] [tf-allocator-allocation-error=''],v2-boundary-big-full-defaults.json,CEP350 3117 aa · alphafold3 · v2 big · 10 recycles · 5 samples
20260930-233800-a783def0,DMD,3685,alphafold3,big,failed,94.0,mn-cofolding-af3-memory-v2:3.1.14-cu13,0,10,5,1,0.95,fraction 0.95,,2,Error: RESOURCE_EXHAUSTED: Out of memory while trying to allocate 33.19GiB with allocator GPU_0_bfc on device 0. [tf-allocator-allocation-error=''] [executable_name='jit_apply_fn'],v2-af3-long-extension.json,AF3 original weights · DMD 3685 aa · v2 big · default 95% XLA · 10 recycles · 5 samples
20260930-233934-0c75c0f1,PRKDC,4128,alphafold3,big,failed,89.0,mn-cofolding-af3-memory-v2:3.1.14-cu13,0,10,5,1,0.95,fraction 0.95,,2,Error: RESOURCE_EXHAUSTED: Out of memory while trying to allocate 45.79GiB with allocator GPU_0_bfc on device 0. [executable_name='jit_apply_fn'] [tf-allocator-allocation-error=''],v2-af3-long-extension.json,AF3 original weights · PRKDC 4128 aa · v2 big · default 95% XLA · 10 recycles · 5 samples
20260930-213114-07d2fb56,CHRNA7,502,boltz2,big,failed,47.0,mn-cofolding-af3-memory-v2:3.1.14-cu13,0,10,5,1,0.95,fraction 0.95,,2,out of memory trying to instantiate command buffer with 24 (total of 68 alive graphs in the process). You can try to (a) Give more memory to the driver by reducing XLA_CLIENT_MEM_FRACTION (b) Disable command buffers with 'XLA_FLAGS=--xla_gpu_enable_command_buffer=' (empty set). Original error: Failed to instantiate CUDA graph: CUDA_ERROR_OUT_OF_MEMORY: out of memory [executable_name='jit_apply_fn'],v2-max-pass-full-defaults.json,CHRNA7 502 aa · boltz2 · v2 big max-pass check · 10 recycles · 5 samples
20260930-210217-96ed9088,SLC26A8,970,boltz2,big,failed,150.0,mn-cofolding-af3-memory-v2:3.1.14-cu13,0,10,5,1,0.95,fraction 0.95,,2,CUDA_ERROR_OUT_OF_MEMORY: out of memory,v2-boundary-big-full-defaults.json,SLC26A8 970 aa · boltz2 · v2 big · 10 recycles · 5 samples
20260930-213114-1116bb39,NUP155,1391,chai1,big,failed,73.0,mn-cofolding-af3-memory-v2:3.1.14-cu13,0,10,5,1,0.95,fraction 0.95,,2,out of memory trying to instantiate command buffer with 30 (total of 0 alive graphs in the process). You can try to (a) Give more memory to the driver by reducing XLA_CLIENT_MEM_FRACTION (b) Disable command buffers with 'XLA_FLAGS=--xla_gpu_enable_command_buffer=' (empty set). Original error: Failed to instantiate CUDA graph: CUDA_ERROR_OUT_OF_MEMORY: out of memory [executable_name='jit_apply_fn'],v2-max-pass-full-defaults.json,NUP155 1391 aa · chai1 · v2 big max-pass check · 10 recycles · 5 samples
20260930-210217-284b3342,LCT,1927,chai1,big,failed,90.0,mn-cofolding-af3-memory-v2:3.1.14-cu13,0,10,5,1,0.95,fraction 0.95,,2,RESOURCE_EXHAUSTED: Out of memory while trying to allocate 30.08GiB with allocator GPU_0_bfc on device 0. [tf-allocator-allocation-error=''] [executable_name='jit_apply_fn'],v2-boundary-big-full-defaults.json,LCT 1927 aa · chai1 · v2 big · 10 recycles · 5 samples
20260930-213114-4f63b3f0,SLC26A8,970,esmfold2,big,failed,47.0,mn-cofolding-af3-memory-v2:3.1.14-cu13,0,10,5,1,0.95,fraction 0.95,,2,out of memory trying to instantiate command buffer with 47 (total of 98 alive graphs in the process). You can try to (a) Give more memory to the driver by reducing XLA_CLIENT_MEM_FRACTION (b) Disable command buffers with 'XLA_FLAGS=--xla_gpu_enable_command_buffer=' (empty set). Original error: Failed to instantiate CUDA graph: CUDA_ERROR_OUT_OF_MEMORY: out of memory [executable_name='jit_apply_fn'],v2-max-pass-full-defaults.json,SLC26A8 970 aa · esmfold2 · v2 big max-pass check · 10 recycles · 5 samples
20260930-210217-2a1f74cd,NUP155,1391,esmfold2,big,failed,48.0,mn-cofolding-af3-memory-v2:3.1.14-cu13,0,10,5,1,0.95,fraction 0.95,,2,CUDA_ERROR_OUT_OF_MEMORY: out of memory,v2-boundary-big-full-defaults.json,NUP155 1391 aa · esmfold2 · v2 big · 10 recycles · 5 samples
20260930-213114-04dd385c,NUP155,1391,esmfold2_lm300m,big,completed,72.0,mn-cofolding-af3-memory-v2:3.1.14-cu13,0,10,5,1,0.95,fraction 0.95,,22,,v2-max-pass-full-defaults.json,NUP155 1391 aa · esmfold2_lm300m · v2 big max-pass check · 10 recycles · 5 samples
20260930-210217-b93a950d,LCT,1927,esmfold2_lm300m,big,failed,31.0,mn-cofolding-af3-memory-v2:3.1.14-cu13,0,10,5,1,0.95,fraction 0.95,,2,RESOURCE_EXHAUSTED: Out of memory while trying to allocate 27.06GiB with allocator GPU_0_bfc on device 0. [executable_name='jit_apply_fn'] [tf-allocator-allocation-error=''],v2-boundary-big-full-defaults.json,LCT 1927 aa · esmfold2_lm300m · v2 big · 10 recycles · 5 samples
20260930-213114-02da723a,NUP155,1391,esmfold2_lm600m,big,completed,92.0,mn-cofolding-af3-memory-v2:3.1.14-cu13,0,10,5,1,0.95,fraction 0.95,,22,,v2-max-pass-full-defaults.json,NUP155 1391 aa · esmfold2_lm600m · v2 big max-pass check · 10 recycles · 5 samples
20260930-210217-fdad0bd8,LCT,1927,esmfold2_lm600m,big,failed,52.0,mn-cofolding-af3-memory-v2:3.1.14-cu13,0,10,5,1,0.95,fraction 0.95,,2,RESOURCE_EXHAUSTED: Out of memory while trying to allocate 27.06GiB with allocator GPU_0_bfc on device 0. [executable_name='jit_apply_fn'] [tf-allocator-allocation-error=''],v2-boundary-big-full-defaults.json,LCT 1927 aa · esmfold2_lm600m · v2 big · 10 recycles · 5 samples
20260930-213114-8f4ee0ed,SLC26A8,970,intellifold2,big,completed,484.0,mn-cofolding-af3-memory-v2:3.1.14-cu13,0,10,5,1,0.95,fraction 0.95,,22,,v2-max-pass-full-defaults.json,SLC26A8 970 aa · intellifold2 · v2 big max-pass check · 10 recycles · 5 samples
20260930-210217-9053f772,NUP155,1391,intellifold2,big,failed,56.0,mn-cofolding-af3-memory-v2:3.1.14-cu13,0,10,5,1,0.95,fraction 0.95,,2,RESOURCE_EXHAUSTED: Out of memory while trying to allocate 20.00MiB with allocator GPU_0_bfc on device 0. [tf-allocator-allocation-error=''],v2-boundary-big-full-defaults.json,NUP155 1391 aa · intellifold2 · v2 big · 10 recycles · 5 samples
20260930-213114-58543536,LCT,1927,openbind0,big,completed,406.0,mn-cofolding-af3-memory-v2:3.1.14-cu13,0,10,5,1,0.95,fraction 0.95,,22,,v2-max-pass-full-defaults.json,LCT 1927 aa · openbind0 · v2 big max-pass check · 10 recycles · 5 samples
20260930-210217-6dec6625,EP300,2414,openbind0,big,failed,62.0,mn-cofolding-af3-memory-v2:3.1.14-cu13,0,10,5,1,0.95,fraction 0.95,,2,RESOURCE_EXHAUSTED: Out of memory while trying to allocate 22.57GiB with allocator GPU_0_bfc on device 0. [executable_name='jit_apply_fn'] [tf-allocator-allocation-error=''],v2-boundary-big-full-defaults.json,EP300 2414 aa · openbind0 · v2 big · 10 recycles · 5 samples
20260930-210217-5257ed6c,CHRNA7,502,opendde,big,failed,66.0,mn-cofolding-af3-memory-v2:3.1.14-cu13,0,10,5,1,0.95,fraction 0.95,,2,RESOURCE_EXHAUSTED: Out of memory while trying to allocate 22.09GiB with allocator GPU_0_bfc on device 0. [executable_name='jit_apply_fn'] [tf-allocator-allocation-error=''],v2-boundary-big-full-defaults.json,CHRNA7 502 aa · opendde · v2 big · 10 recycles · 5 samples
20260930-213114-04251f27,LCT,1927,openfold3,big,completed,425.0,mn-cofolding-af3-memory-v2:3.1.14-cu13,0,10,5,1,0.95,fraction 0.95,,22,,v2-max-pass-full-defaults.json,LCT 1927 aa · openfold3 · v2 big max-pass check · 10 recycles · 5 samples
20260930-210217-0e14384e,EP300,2414,openfold3,big,failed,63.0,mn-cofolding-af3-memory-v2:3.1.14-cu13,0,10,5,1,0.95,fraction 0.95,,2,RESOURCE_EXHAUSTED: Out of memory while trying to allocate 22.57GiB with allocator GPU_0_bfc on device 0. [tf-allocator-allocation-error=''] [executable_name='jit_apply_fn'],v2-boundary-big-full-defaults.json,EP300 2414 aa · openfold3 · v2 big · 10 recycles · 5 samples
20260930-210217-a6bbec69,NUP155,1391,protenix2,big,completed,728.0,mn-cofolding-af3-memory-v2:3.1.14-cu13,0,10,5,1,0.95,fraction 0.95,,22,,v2-boundary-big-full-defaults.json,NUP155 1391 aa · protenix2 · v2 big · 10 recycles · 5 samples
20260930-212733-dd0e582d,LCT,1927,protenix2,big,failed,64.0,mn-cofolding-af3-memory-v2:3.1.14-cu13,0,10,5,1,0.95,fraction 0.95,,2,RESOURCE_EXHAUSTED: Out of memory while trying to allocate 30.17GiB with allocator GPU_0_bfc on device 0. [executable_name='jit_apply_fn'] [tf-allocator-allocation-error=''],v2-protenix-lct-full-defaults.json,LCT 1927 aa · Protenix2 · v2 big · 10 recycles · 5 samples
20260930-213114-0b681ce4,CHRNA7,502,rosettafold3,big,failed,53.0,mn-cofolding-af3-memory-v2:3.1.14-cu13,0,10,5,1,0.95,fraction 0.95,,2,out of memory trying to instantiate command buffer with 41 (total of 3 alive graphs in the process). You can try to (a) Give more memory to the driver by reducing XLA_CLIENT_MEM_FRACTION (b) Disable command buffers with 'XLA_FLAGS=--xla_gpu_enable_command_buffer=' (empty set). Original error: Failed to instantiate CUDA graph: CUDA_ERROR_OUT_OF_MEMORY: out of memory [executable_name='jit_apply_fn'],v2-max-pass-full-defaults.json,CHRNA7 502 aa · rosettafold3 · v2 big max-pass check · 10 recycles · 5 samples
20260930-210217-b9d18c3e,SLC26A8,970,rosettafold3,big,failed,69.0,mn-cofolding-af3-memory-v2:3.1.14-cu13,0,10,5,1,0.95,fraction 0.95,,2,CUDA_ERROR_OUT_OF_MEMORY: out of memory,v2-boundary-big-full-defaults.json,SLC26A8 970 aa · rosettafold3 · v2 big · 10 recycles · 5 samples
